-- phpMyAdmin SQL Dump
-- version 4.7.4
-- https://www.phpmyadmin.net/
--
-- Host: 127.0.0.1
-- Generation Time: Dec 20, 2017 at 08:23 PM
-- Server version: 10.1.26-MariaDB
-- PHP Version: 7.1.9

SET SQL_MODE = "NO_AUTO_VALUE_ON_ZERO";
SET AUTOCOMMIT = 0;
START TRANSACTION;
SET time_zone = "+00:00";


/*!40101 SET @OLD_CHARACTER_SET_CLIENT=@@CHARACTER_SET_CLIENT */;
/*!40101 SET @OLD_CHARACTER_SET_RESULTS=@@CHARACTER_SET_RESULTS */;
/*!40101 SET @OLD_COLLATION_CONNECTION=@@COLLATION_CONNECTION */;
/*!40101 SET NAMES utf8mb4 */;

--
-- Database: `csc3050`
--

-- --------------------------------------------------------

--
-- Table structure for table `assets`
--

CREATE TABLE `assets` (
  `assetID` int(11) NOT NULL,
  `Name` varchar(32) NOT NULL,
  `currentPriceBTC` double NOT NULL,
  `currentPriceUSD` double NOT NULL,
  `symbol` varchar(32) NOT NULL,
  `percent_change_24h` double NOT NULL
) ENGINE=InnoDB DEFAULT CHARSET=latin1;

--
-- Dumping data for table `assets`
--

INSERT INTO `assets` (`assetID`, `Name`, `currentPriceBTC`, `currentPriceUSD`, `symbol`, `percent_change_24h`) VALUES
(1, 'Bitcoin', 1, 16864.3, 'BTC', -7.65),
(2, 'Ethereum', 0.049247, 817.297, 'ETH', -3.29),
(3, 'Bitcoin Cash', 0.199239, 3245.78, 'BCH', 48.06),
(4, 'Ripple', 0.00004575, 0.745232, 'XRP', -4.52),
(5, 'Litecoin', 0.0192317, 325.515, 'LTC', -8.97),
(6, 'Dash', 0.0948101, 1604.75, 'DASH', 32.88),
(7, 'NEO', 0.00398738, 67.2731, 'NEO', -16.05),
(8, 'IOTA', 0.00029853, 4.86328, 'MIOTA', 14.29),
(9, 'Monero', 0.0202537, 329.95, 'XMR', -12.66),
(10, 'NEM', 0.00005213, 0.849163, 'XEM', -5.3),
(11, 'Ethereum Classic', 0.00170575, 27.7079, 'ETC', -6.04),
(12, 'Lisk', 0.00050243, 8.16144, 'LSK', -11.75),
(13, 'Qtum', 0.00371522, 60.5241, 'QTUM', 1.35),
(14, 'EOS', 0.00071256, 11.6082, 'EOS', 21),
(15, 'Hshare', 0.00090661, 14.7267, 'HSR', -2.55),
(16, 'OmiseGO', 0.00051234, 8.32241, 'OMG', -10.76),
(17, 'Zcash', 0.0191243, 310.652, 'ZEC', -8.85),
(18, 'Cardano', 0.00002711, 0.441621, 'ADA', -14.31),
(19, 'Tether', 0.00006376, 1.03567, 'USDT', 3.04),
(20, 'Stellar Lumens', 0.00000872, 0.141589, 'XLM', -11.97),
(21, 'BitConnect', 0.0258581, 420.033, 'BCC', 20.05),
(22, 'Waves', 0.00051879, 8.42713, 'WAVES', 5.25),
(23, 'Populous', 0.00109697, 17.8189, 'PPT', 1.09),
(24, 'Stratis', 0.00062889, 10.2156, 'STRAT', 34.41),
(25, 'Ark', 0.00023829, 3.8707, 'ARK', -14.01),
(26, 'BitShares', 0.00001014, 0.164708, 'BTS', -18.83),
(27, 'Ardor', 0.00003254, 0.528496, 'ARDR', -3.56),
(28, 'Komodo', 0.00021495, 3.49159, 'KMD', 10.22),
(29, 'Bytecoin', 0.00000016, 0.00255072, 'BCN', 12.99),
(30, 'Veritaseum', 0.0086655, 140.761, 'VERI', -1.67),
(31, 'Steem', 0.00009615, 1.56191, 'STEEM', 14.37),
(32, 'Augur', 0.00178488, 28.9932, 'REP', -13.37),
(33, 'Decred', 0.00287549, 46.7089, 'DCR', -14.04),
(34, 'Gas', 0.00111074, 18.0427, 'GAS', -6.69),
(35, 'Golem', 0.00001876, 0.304802, 'GNT', -10.63),
(36, 'TenX', 0.00012902, 2.09569, 'PAY', -14.05),
(37, 'MaidSafeCoin', 0.00003129, 0.508325, 'MAID', -15.3),
(38, 'Vertcoin', 0.00047986, 7.79475, 'VTC', -11.24),
(39, 'MonaCoin', 0.00097753, 15.8788, 'MONA', -12.51),
(40, 'SALT', 0.00043008, 6.98616, 'SALT', -9.87),
(41, 'PIVX', 0.00027378, 4.44728, 'PIVX', -10.71),
(42, 'Factom', 0.00128056, 20.8011, 'FCT', -12.12),
(43, 'Basic Attention Token', 0.00001102, 0.179006, 'BAT', -19.5),
(44, 'Byteball Bytes', 0.0147942, 240.315, 'GBYTE', -11.8),
(45, 'Binance Coin', 0.0001591, 2.58447, 'BNB', 5.14),
(46, 'Pura', 0.00005009, 0.813728, 'PURA', -5.49),
(47, 'Dogecoin', 0.00000017, 0.00272902, 'DOGE', 9.37),
(48, 'Kyber Network', 0.00008497, 1.38019, 'KNC', -11.55),
(49, 'Power Ledger', 0.00003409, 0.553807, 'POWR', -16.12),
(50, 'DigixDAO', 0.00600391, 97.5264, 'DGD', -11.02),
(51, 'BitcoinDark', 0.00907958, 147.487, 'BTCD', 2.93),
(52, 'Siacoin', 0.00000051, 0.00826071, 'SC', -12.87),
(53, 'TRON', 0.00000027, 0.00445345, 'TRX', 67.99),
(54, 'GameCredits', 0.00011579, 1.8809, 'GAME', -11.62),
(55, 'Walton', 0.00048399, 7.86176, 'WTC', -7.88),
(56, 'Aeternity', 0.00003655, 0.593721, 'AE', -6.92),
(57, 'Metaverse ETP', 0.00012277, 1.99434, 'ETP', -27.42),
(58, 'Blocknet', 0.00141313, 22.9546, 'BLOCK', -11.17),
(59, 'Bytom', 0.00001011, 0.164208, 'BTM', -13.76),
(60, 'Iconomi', 0.00008671, 1.40848, 'ICN', -8.7),
(61, 'Syscoin', 0.00002357, 0.382802, 'SYS', -8.88),
(62, 'Raiden Network Token', 0.00014932, 2.42552, 'RDN', -17.17),
(63, 'Bitquence', 0.00018027, 1.44303, 'BQX', 0),
(64, 'Status', 0.00000377, 0.0613121, 'SNT', -11.52),
(65, 'Civic', 0.00001941, 0.315279, 'CVC', -16.33),
(66, '0x', 0.00001623, 0.263593, 'ZRX', -8.57),
(67, 'Lykke', 0.00001887, 0.306542, 'LKK', 3.64),
(68, 'GXShares', 0.0001565, 2.54208, 'GXS', -6.96),
(69, 'Verge', 0.00000049, 0.00799113, 'XVG', 2.34),
(70, 'DigiByte', 0.00000095, 0.0153537, 'DGB', -1.07),
(71, 'Bancor', 0.00015328, 2.48989, 'BNT', -5.67),
(72, 'ATMChain', 0.00000117, 0.0189945, 'ATM', 20.94),
(73, 'Metal', 0.00035071, 5.6969, 'MTL', -12.16),
(74, 'ZCoin', 0.00248228, 40.3216, 'XZC', -12.39),
(75, 'SingularDTV', 0.00000763, 0.123926, 'SNGLS', -16.77),
(76, 'Nxt', 0.00003583, 0.581977, 'NXT', 18.87),
(77, 'Gnosis', 0.00705138, 114.541, 'GNO', -13.57),
(78, 'VeChain', 0.00003046, 0.494731, 'VEN', -19.13),
(79, 'FunFair', 0.000002, 0.0324843, 'FUN', -1.15),
(80, 'Particl', 0.00078769, 12.7951, 'PART', -2.23),
(81, 'Storj', 0.0000593, 0.963202, 'STORJ', -0.67),
(82, 'B3Coin', 0.00000004, 0.000320491, 'B3', 0),
(83, 'Open Trading Network', 0.00044396, 7.21153, 'OTN', -29.17),
(84, 'AdEx', 0.00007673, 1.24644, 'ADX', -14.04),
(85, 'Kin', 0.000000004, 0.0000712284, 'KIN', 6.72),
(86, 'ChainLink', 0.00001572, 0.255327, 'LINK', -19.94),
(87, 'KuCoin Shares', 0.0000318, 0.516514, 'KCS', -6.05),
(88, 'Nexus', 0.00011759, 1.91006, 'NXS', -0.25),
(89, 'Cryptonex', 0.00026725, 4.34119, 'CNX', 9.27),
(90, 'Monaco', 0.00067468, 10.9594, 'MCO', -10),
(91, 'Asch', 0.00002687, 0.436402, 'XAS', -4.79),
(92, 'Edgeless', 0.00007019, 1.14022, 'EDG', -11.76),
(93, 'Loopring', 0.00001295, 0.210383, 'LRC', -22.14),
(94, 'NAV Coin', 0.00013869, 2.25279, 'NAV', 23.12),
(95, 'ZenCash', 0.00190042, 30.87, 'ZEN', -15.5),
(96, 'BitBay', 0.00000476, 0.0773404, 'BAY', -0.56),
(97, 'FairCoin', 0.00006607, 1.07316, 'FAIR', -19.06),
(98, 'Aragon', 0.00012021, 1.95267, 'ANT', -13.26),
(99, 'Zeusshield', 0.00000184, 0.0299056, 'ZSC', -9.95),
(100, 'Streamr DATAcoin', 0.00000802, 0.130211, 'DATA', -11.88),
(101, 'Ubiq', 0.00012207, 1.98281, 'UBQ', -14.79),
(102, 'I/O Coin', 0.00015993, 2.59787, 'IOC', -12.7),
(103, 'Ripio Credit Network', 0.00000851, 0.138182, 'RCN', -6.23),
(104, 'MobileGo', 0.00003266, 0.53047, 'MGO', -16.86),
(105, 'Wings', 0.00003334, 0.54157, 'WINGS', -17.19),
(106, 'iExec RLC', 0.00003443, 0.559338, 'RLC', -18.04),
(107, 'PayPie', 0.00003797, 0.616811, 'PPP', -0.19),
(108, 'Centra', 0.00002815, 0.457318, 'CTR', -3.39),
(109, 'Melon', 0.00489125, 79.4525, 'MLN', 3.6),
(110, 'Counterparty', 0.0016514, 26.825, 'XCP', -7.83),
(111, 'Pillar', 0.00001056, 0.171554, 'PLR', 14.69),
(112, 'Groestlcoin', 0.000066, 1.07216, 'GRS', -9.51),
(113, 'Neblio', 0.00025214, 4.09568, 'NEBL', 3.29),
(114, 'Achain', 0.00001952, 0.317044, 'ACT', 5.13),
(115, 'Peercoin', 0.00018599, 3.02116, 'PPC', -6.51),
(116, 'MinexCoin', 0.00155476, 25.2552, 'MNX', -13.95),
(117, 'NoLimitCoin', 0.00000886, 0.143877, 'NLC2', -12.03),
(118, 'Grid+', 0.0000416, 0.675732, 'GRID', -16.39),
(119, 'Aeon', 0.0002272, 3.69054, 'AEON', 4.51),
(120, 'TaaS', 0.00026601, 4.32108, 'TAAS', 1.01),
(121, 'Quantum Resistant Ledger', 0.0000718, 1.16636, 'QRL', -6.57),
(122, 'Bitdeal', 0.0000215, 0.172121, 'BDL', 0),
(123, 'Modum', 0.0001128, 1.83223, 'MOD', -9.91),
(124, 'Bitcore', 0.00119839, 19.4664, 'BTX', 9.45),
(125, 'OKCash', 0.00003421, 0.555713, 'OK', 11.31),
(126, 'Viacoin', 0.00014962, 2.43039, 'VIA', -8.39),
(127, 'Revain', 0.00002511, 0.407952, 'R', 17.5),
(128, 'Substratum', 0.00002376, 0.385948, 'SUB', -3.79),
(129, 'ReddCoin', 0.00000011, 0.00178012, 'RDD', 21.2),
(130, 'CloakCoin', 0.00047027, 7.63903, 'CLOAK', 0.53),
(131, 'SONM', 0.00000868, 0.140942, 'SNM', -8.13),
(132, 'AirSwap', 0.00001662, 0.269929, 'AST', -9.61),
(133, 'Request Network', 0.00000694, 0.112677, 'REQ', 12.6),
(134, 'Gulden', 0.00000567, 0.0920643, 'NLG', -8.68),
(135, 'Emercoin', 0.00006769, 1.0996, 'EMC', -0.56),
(136, 'TokenCard', 0.00015247, 1.22049, 'TKN', 0),
(137, 'Feathercoin', 0.00001918, 0.311629, 'FTC', -12.19),
(138, 'Decentraland', 0.00000435, 0.0706627, 'MANA', 44.25),
(139, 'FirstBlood', 0.00002353, 0.382267, '1ST', -18.75),
(140, 'Cofound.it', 0.00000708, 0.115076, 'CFI', -19.14),
(141, 'Enigma', 0.00003636, 0.59065, 'ENG', -13.11),
(142, 'LEOcoin', 0.0000183, 0.297221, 'LEO', -2.54),
(143, 'ICOS', 0.00637527, 51.0322, 'ICOS', 0),
(144, 'Rise', 0.00002614, 0.424681, 'RISE', -7.18),
(145, 'ATBCoin', 0.00004467, 0.725573, 'ATB', -2.36),
(146, 'RChain', 0.00003441, 0.558901, 'RHOC', -21.33),
(147, 'Everex', 0.00021114, 1.6901, 'EVX', 0),
(148, 'XPlay', 0.00000347, 0.0278109, 'XPA', 0),
(149, 'PotCoin', 0.00001879, 0.305287, 'POT', -19.95),
(150, 'Skycoin', 0.00078504, 12.7521, 'SKY', -9.56),
(151, 'DECENT', 0.00004802, 0.780038, 'DCT', -12.39),
(152, 'Dentacoin', 0.000000006, 0.0000990361, 'DCN', 49.45),
(153, 'Einsteinium', 0.00012567, 2.04134, 'EMC2', -15.49),
(154, 'Paragon', 0.00004837, 0.387162, 'PRG', 0),
(155, 'Amber', 0.00002276, 0.182171, 'AMB', 0),
(156, 'Moeda Loyalty Points', 0.00008981, 1.45891, 'MDA', -1.51),
(157, 'Diamond', 0.00101562, 16.4976, 'DMD', 9.66),
(158, 'Santiment Network Token', 0.00016299, 2.64761, 'SAN', -2.58),
(159, 'district0x', 0.000003, 0.0487212, 'DNT', -8.62),
(160, 'Red Pulse', 0.00000583, 0.046639, 'RPX', 0),
(161, 'WeTrust', 0.00002558, 0.415542, 'TRST', -16.15),
(162, 'DomRaider', 0.00000443, 0.0354691, 'DRT', 0),
(163, 'Eidoo', 0.00013569, 2.20415, 'EDO', -24.98),
(164, 'Namecoin', 0.00017031, 2.76655, 'NMC', 4.57),
(165, 'Stox', 0.00006367, 0.509663, 'STX', 0),
(166, 'Elastic', 0.0000315, 0.252148, 'XEL', 0),
(167, 'Cindicator', 0.00000111, 0.0182765, 'CND', 0),
(168, 'LBRY Credits', 0.00001866, 0.303072, 'LBC', -5.09),
(169, 'ION', 0.00012336, 2.00383, 'ION', 8.89),
(170, 'Xaurum', 0.00001267, 0.205821, 'XAUR', -17.71),
(171, 'Crown', 0.00010972, 1.78222, 'CRW', 4.72),
(172, 'Tierion', 0.00000497, 0.0806885, 'TNT', -8.99),
(173, 'SIBCoin', 0.00015336, 2.49111, 'SIB', 2.35),
(174, 'SolarCoin', 0.00006576, 0.526351, 'SLR', 0),
(175, 'RaiBlocks', 0.00004166, 0.676768, 'XRB', 10.98),
(176, 'Safe Exchange Coin', 0.00000177, 0.0287458, 'SAFEX', -16.54),
(177, 'CoinDash', 0.00000422, 0.0685709, 'CDT', -6.98),
(178, 'Pepe Cash', 0.00000538, 0.0874156, 'PEPECASH', 52.7),
(179, 'Etheroll', 0.00034893, 2.79305, 'DICE', 0),
(180, 'BlackCoin', 0.00002065, 0.335457, 'BLK', -14.78),
(181, 'Viberate', 0.00001439, 0.115211, 'VIB', 0),
(182, 'Rubycoin', 0.00006333, 1.02877, 'RBY', 6.45),
(183, 'SmartCash', 0.00000386, 0.0626884, 'SMART', -0.21),
(184, 'BitDice', 0.00002597, 0.42183, 'CSNO', 12.72),
(185, 'Enjin Coin', 0.00000323, 0.0524216, 'ENJ', 78.61),
(186, 'Triggers', 0.00007082, 0.566893, 'TRIG', 0),
(187, 'ToaCoin', 0.00000126, 0.010102, 'TOA', 0),
(188, 'Cobinhood', 0.00001504, 0.244243, 'COB', 2.8),
(189, 'Chronobank', 0.00296836, 23.7609, 'TIME', 0),
(190, 'ALIS', 0.00005711, 0.457116, 'ALIS', 0),
(191, 'Soarcoin', 0.00000295, 0.0236406, 'SOAR', 0),
(192, 'Peerplays', 0.00058674, 4.69671, 'PPY', 0),
(193, 'FedoraCoin', 0.00000001, 0.000162081, 'TIPS', 27.99),
(194, 'Mothership', 0.00001435, 0.114844, 'MSP', 0),
(195, 'The ChampCoin', 0.00001222, 0.0978175, 'TCC', 0),
(196, 'Humaniq', 0.00000998, 0.162134, 'HMQ', -2.29),
(197, 'Mercury', 0.00003552, 0.577049, 'MER', -10.88),
(198, 'DubaiCoin', 0.00130004, 10.4064, 'DBIX', 0),
(199, 'Agoras Tokens', 0.00005776, 0.938242, 'AGRS', -6.88),
(200, 'GridCoin', 0.00000569, 0.0925032, 'GRC', 25.02),
(201, 'SuperNET', 0.00426321, 34.1258, 'UNITY', 0),
(202, 'Dimecoin', 0.000000004, 0.0000313656, 'DIME', 0),
(203, 'MonetaryUnit', 0.00001522, 0.247232, 'MUE', -23.65),
(204, 'Swarm City', 0.0002552, 2.04282, 'SWT', 0),
(205, 'DigitalNote', 0.00000029, 0.0022903, 'XDN', 0),
(206, 'Bitcoin Gold', 0.021714, 353.74, 'BTG', 10.4),
(207, 'QASH', 0.00004792, 0.778472, 'QASH', -16.27),
(208, 'Exchange Union', 0.00042244, 6.86208, 'XUC', -6.52),
(209, 'Ethos', 0.00007728, 1.25531, 'ETHOS', -11.76),
(210, 'Jinn', 0.0793938, 1289.66, 'JINN', 117.54),
(211, 'Quantstamp', 0.00000583, 0.0947719, 'QSP', -17.23),
(212, 'Dragonchain', 0.00001542, 0.250507, 'DRGN', 5.07),
(213, 'YOYOW', 0.00001618, 0.262816, 'YOYOW', -32.3),
(214, 'MCAP', 0.00008513, 1.38282, 'MCAP', 6.46),
(215, 'Voxels', 0.00001461, 0.237307, 'VOX', 31.51),
(216, 'Ink', 0.00001572, 0.255302, 'INK', 1.7),
(217, 'Russian Miner Coin', 1.57919, 25652.1, 'RMC', 20.28),
(218, 'WhiteCoin', 0.00000904, 0.146914, 'XWC', -2.82),
(219, 'SaluS', 0.002478, 40.2521, 'SLS', 60.92),
(220, 'Presearch', 0.0000164, 0.266398, 'PRE', 28.1),
(221, 'Blocktix', 0.00005114, 0.830694, 'TIX', 4.6),
(222, 'Ambrosus', 0.00001313, 0.213259, 'AMB', -3.86),
(223, 'Time New Bank', 0.00000187, 0.030447, 'TNB', -12.25),
(224, 'bitqy', 0.00000121, 0.0196372, 'BQ', 47.99),
(225, 'Omni', 0.00296645, 48.1864, 'OMNI', -2.67),
(226, 'Global Currency Reserve', 0.00001665, 0.270461, 'GCR', -34.28),
(227, 'Numeraire', 0.00125807, 20.4359, 'NMR', -14.35),
(228, 'Polybius', 0.00042487, 6.90157, 'PLBT', 32.27),
(229, 'Paypex', 0.00002388, 0.387896, 'PAYX', -2.05),
(230, 'Shift', 0.00014357, 2.33205, 'SHIFT', -20.3),
(231, 'Etherparty', 0.00000329, 0.0539472, 'FUEL', 0);

-- --------------------------------------------------------

--
-- Table structure for table `history`
--

CREATE TABLE `history` (
  `date` date NOT NULL,
  `assetID` int(11) NOT NULL,
  `price` float NOT NULL
) ENGINE=InnoDB DEFAULT CHARSET=latin1;

--
-- Dumping data for table `history`
--

INSERT INTO `history` (`date`, `assetID`, `price`) VALUES
('2017-11-20', 2, 354.09),
('2017-11-21', 2, 367.44),
('2017-11-22', 2, 360.31),
('2017-11-23', 2, 381.44),
('2017-11-24', 2, 412.5),
('2017-11-25', 2, 475.68),
('2017-11-26', 2, 465.97),
('2017-11-27', 2, 471.53),
('2017-11-28', 2, 480.52),
('2017-11-29', 2, 473.28),
('2017-11-30', 2, 431.21),
('2017-12-01', 2, 445.21),
('2017-12-02', 2, 466.85),
('2017-12-03', 2, 463.7),
('2017-12-04', 2, 466.05),
('2017-12-05', 2, 470.29),
('2017-12-06', 2, 462.6),
('2017-12-07', 2, 426.37),
('2017-12-08', 2, 434.99),
('2017-12-09', 2, 457.34),
('2017-12-10', 2, 472.79),
('2017-12-11', 2, 440.36),
('2017-12-12', 2, 522.29),
('2017-12-13', 2, 644.91),
('2017-12-14', 2, 700.59),
('2017-12-15', 2, 696.38),
('2017-12-16', 2, 686.19),
('2017-12-17', 2, 696.24),
('2017-12-18', 2, 721.73),
('2017-11-20', 5, 71.41),
('2017-11-21', 5, 72.2),
('2017-11-22', 5, 70.18),
('2017-11-23', 5, 71.98),
('2017-11-24', 5, 73.14),
('2017-11-25', 5, 77.91),
('2017-11-26', 5, 88.94),
('2017-11-27', 5, 85.89),
('2017-11-28', 5, 91.72),
('2017-11-29', 5, 96.01),
('2017-11-30', 5, 86.25),
('2017-12-01', 5, 88),
('2017-12-02', 5, 98.94),
('2017-12-03', 5, 100.19),
('2017-12-04', 5, 101.4),
('2017-12-05', 5, 104.28),
('2017-12-06', 5, 102.48),
('2017-12-07', 5, 99.98),
('2017-12-08', 5, 98.33),
('2017-12-09', 5, 127.48),
('2017-12-10', 5, 155.63),
('2017-12-11', 5, 148.26),
('2017-12-12', 5, 212.46),
('2017-12-13', 5, 315.36),
('2017-12-14', 5, 301.2),
('2017-12-15', 5, 280.97),
('2017-12-16', 5, 299.34),
('2017-12-17', 5, 301.78),
('2017-12-18', 5, 318.95),
('2017-11-20', 1, 8039.07),
('2017-11-21', 1, 8205.74),
('2017-11-22', 1, 8077.95),
('2017-11-23', 1, 8232.38),
('2017-11-24', 1, 8074.02),
('2017-11-25', 1, 8241.71),
('2017-11-26', 1, 8789.04),
('2017-11-27', 1, 9352.72),
('2017-11-28', 1, 9823.43),
('2017-11-29', 1, 10077.4),
('2017-11-30', 1, 9906.79),
('2017-12-01', 1, 10198.6),
('2017-12-02', 1, 10978.3),
('2017-12-03', 1, 11082.7),
('2017-12-04', 1, 11315.4),
('2017-12-05', 1, 11685.7),
('2017-12-06', 1, 11923.4),
('2017-12-07', 1, 14266.1),
('2017-12-08', 1, 17802.9),
('2017-12-09', 1, 16523.3),
('2017-12-10', 1, 15168.4),
('2017-12-11', 1, 15427.4),
('2017-12-12', 1, 16919.8),
('2017-12-13', 1, 17500),
('2017-12-14', 1, 16384.6),
('2017-12-15', 1, 16601.3),
('2017-12-16', 1, 17760.3),
('2017-12-17', 1, 19475.8),
('2017-12-18', 1, 19106.4),
('2017-11-20', 7, 39.94),
('2017-11-21', 7, 36.21),
('2017-11-22', 7, 34.45),
('2017-11-23', 7, 35.83),
('2017-11-24', 7, 34.89),
('2017-11-25', 7, 34.83),
('2017-11-26', 7, 38.04),
('2017-11-27', 7, 38.32),
('2017-11-28', 7, 40.13),
('2017-11-29', 7, 37.99),
('2017-11-30', 7, 32.54),
('2017-12-01', 7, 32.89),
('2017-12-02', 7, 35.84),
('2017-12-03', 7, 35.09),
('2017-12-04', 7, 36.65),
('2017-12-05', 7, 41.99),
('2017-12-06', 7, 38.75),
('2017-12-07', 7, 35.04),
('2017-12-08', 7, 34.84),
('2017-12-09', 7, 35.96),
('2017-12-10', 7, 35.79),
('2017-12-11', 7, 33.32),
('2017-12-12', 7, 36.22),
('2017-12-13', 7, 40.73),
('2017-12-14', 7, 44.9),
('2017-12-15', 7, 50.54),
('2017-12-16', 7, 48.14),
('2017-12-17', 7, 49.74),
('2017-12-18', 7, 68.45),
('2017-12-19', 1, 19118.3),
('2017-12-19', 2, 793.9),
('2017-12-19', 7, 77.19),
('2017-11-21', 6, 500.24),
('2017-11-22', 6, 494.76),
('2017-11-23', 6, 577.25),
('2017-11-24', 6, 564.34),
('2017-11-25', 6, 566.96),
('2017-11-26', 6, 641.46),
('2017-11-27', 6, 621.15),
('2017-11-28', 6, 632.44),
('2017-11-29', 6, 626.26),
('2017-11-30', 6, 681.13),
('2017-12-01', 6, 787.47),
('2017-12-02', 6, 797.9),
('2017-12-03', 6, 778.78),
('2017-12-04', 6, 770.57),
('2017-12-05', 6, 774.71),
('2017-12-06', 6, 756.01),
('2017-12-07', 6, 699.99),
('2017-12-08', 6, 700.68),
('2017-12-09', 6, 727.64),
('2017-12-10', 6, 723.23),
('2017-12-11', 6, 688.55),
('2017-12-12', 6, 765.96),
('2017-12-13', 6, 925.02),
('2017-12-14', 6, 884.21),
('2017-12-15', 6, 943.32),
('2017-12-16', 6, 901.22),
('2017-12-17', 6, 1014.51),
('2017-12-18', 6, 1110.16),
('2017-12-19', 6, 1165.03),
('2017-12-19', 5, 359.13);

-- --------------------------------------------------------

--
-- Table structure for table `trades`
--

CREATE TABLE `trades` (
  `id` int(32) NOT NULL,
  `date` date NOT NULL,
  `assetID` int(32) NOT NULL,
  `amount` float NOT NULL,
  `priceBTC` float NOT NULL,
  `userID` int(32) NOT NULL,
  `buySell` varchar(32) NOT NULL
) ENGINE=InnoDB DEFAULT CHARSET=latin1;

--
-- Dumping data for table `trades`
--

INSERT INTO `trades` (`id`, `date`, `assetID`, `amount`, `priceBTC`, `userID`, `buySell`) VALUES
(13, '2018-04-06', 7, 50, 0.004, 13, 'Buy'),
(14, '2009-01-01', 1, 3, 1, 13, 'Buy'),
(15, '2015-03-03', 9, 200, 0.1, 13, 'Buy'),
(16, '2020-01-01', 16, 699, 0, 13, 'Buy'),
(17, '2016-03-03', 6, 400, 0.03, 13, 'Buy'),
(18, '2015-01-01', 1, 1, 1, 14, 'Buy'),
(19, '2015-02-02', 2, 2, 0.1, 14, 'Buy'),
(20, '2015-01-01', 1, 1, 1, 16, 'Buy'),
(21, '2015-01-01', 2, 1, 1, 17, 'Buy'),
(22, '2010-01-01', 2, 1, 1, 18, 'Buy'),
(23, '2015-01-01', 1, 1, 1, 18, 'Buy'),
(24, '2015-01-01', 7, 1200, 0.01, 18, 'Buy'),
(25, '2000-01-01', 2, 2, 1, 19, 'Buy'),
(26, '2000-01-01', 6, 44, 1, 19, 'Buy'),
(27, '2000-01-01', 1, 3, 1, 19, 'Buy'),
(28, '2000-01-01', 8, 12000, 1, 19, 'Buy'),
(29, '2000-01-01', 1, 1, 1, 20, 'Buy'),
(30, '2000-01-01', 2, 20, 1, 20, 'Buy'),
(31, '2000-01-01', 7, 1, 1, 20, 'Buy'),
(32, '2000-01-01', 4, 500000, 1, 20, 'Buy'),
(33, '2014-01-01', 1, 1, 1, 21, 'Buy'),
(34, '2016-01-01', 2, 320, 0.01, 21, 'Buy'),
(35, '2016-07-24', 5, 1, 0.01, 22, 'Buy'),
(36, '2016-01-01', 2, 500, 0.01, 23, 'Buy'),
(37, '2016-02-02', 5, 200, 0.01, 23, 'Buy'),
(38, '2017-12-01', 1, 2, 1, 24, 'Buy'),
(39, '2017-12-10', 2, 320, 0.1, 24, 'Buy'),
(40, '2017-12-19', 1, 1, 1, 24, 'Buy'),
(41, '2017-12-19', 1, 2, 1, 24, 'Sell'),
(42, '2017-12-17', 1, 1, 1, 24, 'Sell'),
(43, '2017-12-03', 7, 900, 1, 24, 'Buy'),
(44, '2017-12-13', 2, 320, 1, 24, 'Sell'),
(45, '2017-12-06', 2, 323, 1, 24, 'Buy'),
(46, '2017-01-01', 1, 444, 1, 25, 'Buy'),
(47, '2017-01-02', 2, 322, 1, 25, 'Buy'),
(50, '2000-01-01', 2, 333, 1, 26, 'Buy'),
(53, '2017-01-01', 6, 15, 1, 27, 'Buy'),
(54, '2017-12-01', 5, 40, 1, 27, 'Buy'),
(56, '2012-01-01', 2, 44, 1, 27, 'Buy'),
(57, '2017-12-18', 2, 35, 1, 27, 'Sell'),
(59, '2017-12-01', 1, 34, 1, 28, 'Buy'),
(60, '2017-02-02', 1, 4, 1, 29, 'Buy'),
(61, '2012-01-01', 2, 44, 1, 29, 'Buy'),
(62, '2015-01-01', 1, 10, 1, 30, 'Buy'),
(63, '2015-01-01', 2, 55, 1, 30, 'Buy');

-- --------------------------------------------------------

--
-- Table structure for table `users`
--

CREATE TABLE `users` (
  `userID` int(32) NOT NULL,
  `email` varchar(32) NOT NULL,
  `pw` varchar(32) NOT NULL
) ENGINE=InnoDB DEFAULT CHARSET=latin1;

--
-- Dumping data for table `users`
--

INSERT INTO `users` (`userID`, `email`, `pw`) VALUES
(13, 'test@test.com', '123'),
(14, '123@k', 'k'),
(15, 'testing123@test.com', '123'),
(16, 'testing321@2', '123'),
(17, 'testing23@32', 'test'),
(18, 'kkk@k', '123'),
(19, 'kkkk@k', '1233'),
(20, 'k@k', '123'),
(21, 'testing123@123', 'k'),
(22, 'okok@k', 'k'),
(23, 'kk@kkkk', 'k'),
(24, 'kokaok@ok', 'ok'),
(25, 'k@0k0k0k', 'k'),
(26, 'testkk@kok', 'k'),
(27, 'kevin123@arealwebsite.com', '123'),
(28, 'amoscoms@mo', 'k'),
(29, 'okokokok@k', 'k'),
(30, 'kevin@fake.org', '123');

--
-- Indexes for dumped tables
--

--
-- Indexes for table `assets`
--
ALTER TABLE `assets`
  ADD PRIMARY KEY (`assetID`);

--
-- Indexes for table `trades`
--
ALTER TABLE `trades`
  ADD PRIMARY KEY (`id`);

--
-- Indexes for table `users`
--
ALTER TABLE `users`
  ADD PRIMARY KEY (`userID`);

--
-- AUTO_INCREMENT for dumped tables
--

--
-- AUTO_INCREMENT for table `assets`
--
ALTER TABLE `assets`
  MODIFY `assetID` int(11) NOT NULL AUTO_INCREMENT, AUTO_INCREMENT=232;

--
-- AUTO_INCREMENT for table `trades`
--
ALTER TABLE `trades`
  MODIFY `id` int(32) NOT NULL AUTO_INCREMENT, AUTO_INCREMENT=65;

--
-- AUTO_INCREMENT for table `users`
--
ALTER TABLE `users`
  MODIFY `userID` int(32) NOT NULL AUTO_INCREMENT, AUTO_INCREMENT=31;
COMMIT;

/*!40101 SET CHARACTER_SET_CLIENT=@OLD_CHARACTER_SET_CLIENT */;
/*!40101 SET CHARACTER_SET_RESULTS=@OLD_CHARACTER_SET_RESULTS */;
/*!40101 SET COLLATION_CONNECTION=@OLD_COLLATION_CONNECTION */;
